One,Two,Three or More,Not Stated0.80052,0.16508,0.03439,0.00000
