Percent,NA's
39.366515837104075,6
55.10688836104512,27
23.883928571428573,0
45.535714285714285,0
15.401785714285715,0
47.767857142857146,0
30.580357142857146,0
65.40178571428571,0
48.660714285714285,0
