Percent,NA's
29.045643153526974,17
61.29985228951256,63
30.405405405405407,0
40.27027027027027,0
14.324324324324325,0
48.91891891891892,0
35,0
61.891891891891895,0
48.10810810810811,0
