Percent,NA's
35.278514588859416,7
44.565217391304344,16
87.23958333333334,0
76.04166666666666,0
15.104166666666666,0
27.864583333333332,0
52.34375,0
4.427083333333334,0
0.26041666666666663,0
