Percent,NA's
38.645418326693225,8
50,20
89.2156862745098,0
77.64705882352942,0
14.705882352941178,0
35.68627450980392,0
52.94117647058824,0
3.9215686274509802,0
0.19607843137254902,0
